dataset,regime,model,baseline,alpha,gamma,worst_group_tail,worst_group_tail_std,baseline_worst_group_tail,margin,margin_pct
adult,feasible,fedavot_cvar,fedavot,0.1,0.4,0.355824,0.00149012,0.385967,0.0301426,7.80964
adult,feasible,fedavot_cvar,fedavot,0.1,0.3,0.355896,0.00162063,0.385967,0.030071,7.79109
adult,feasible,fedavot_cvar,fedavot,0.1,0.2,0.355907,0.00172519,0.385967,0.03006,7.78824
adult,feasible,fedavot_cvar,fedavot,0.1,0.1,0.356072,0.00182035,0.385967,0.0298944,7.74533
adult,feasible,fedavot_cvar,fedavot,0.1,0.5,0.356074,0.00149944,0.385967,0.0298926,7.74487
adult,feasible,fedavot_cvar,fedavot,0.1,0.6,0.35662,0.00149841,0.385967,0.0293468,7.60346
adult,feasible,fedavot_cvar,fedavot,0.2,0.1,0.357664,0.00204321,0.385967,0.0283022,7.33281
adult,feasible,fedavot_cvar,fedavot,0.2,0.2,0.357982,0.00198665,0.385967,0.0279846,7.25052
adult,feasible,fedavot_cvar,fedavot,0.1,0.7,0.357984,0.00143096,0.385967,0.0279826,7.25001
adult,feasible,fedavot_cvar,fedavot,0.2,0.3,0.358515,0.00188586,0.385967,0.0274516,7.11243
adult,feasible,fedavot_cvar,fedavot,0.2,0.4,0.359379,0.00183196,0.385967,0.0265874,6.88852
adult,feasible,fedavot_cvar,fedavot,0.2,0.5,0.360818,0.00185511,0.385967,0.0251486,6.51575
adult,feasible,fedavot_cvar,fedavot,0.1,0.8,0.361409,0.00155104,0.385967,0.0245578,6.36267
adult,feasible,fedavot_cvar,fedavot,0.3,0.1,0.362391,0.00274671,0.385967,0.0235756,6.1082
adult,feasible,fedavot_cvar,fedavot,0.2,0.6,0.362663,0.00171494,0.385967,0.0233038,6.03778
adult,feasible,fedavot_cvar,fedavot,0.3,0.2,0.363458,0.00262595,0.385967,0.0225086,5.83175
adult,feasible,fedavot_cvar,fedavot,0.5,0.1,0.364585,0.00264222,0.385967,0.0213818,5.53981
adult,feasible,fedavot_cvar,fedavot,0.3,0.3,0.36464,0.00261696,0.385967,0.0213266,5.5255
adult,feasible,fedavot_cvar,fedavot,0.4,0.1,0.364732,0.00325915,0.385967,0.021235,5.50177
adult,feasible,fedavot_cvar,fedavot,0.2,0.7,0.365477,0.00179543,0.385967,0.0204894,5.30859
adult,feasible,fedavot_cvar,fedavot,0.4,0.2,0.365541,0.00314564,0.385967,0.0204256,5.29206
adult,feasible,fedavot_cvar,fedavot,0.5,0.2,0.365851,0.00257738,0.385967,0.0201156,5.21175
adult,feasible,fedavot_cvar,fedavot,0.3,0.4,0.366233,0.00254393,0.385967,0.0197336,5.11277
adult,feasible,fedavot_cvar,fedavot,0.4,0.3,0.36661,0.00299997,0.385967,0.0193566,5.0151
adult,feasible,fedavot_cvar,fedavot,0.5,0.3,0.367403,0.00249716,0.385967,0.0185636,4.80964
adult,feasible,fedavot_cvar,fedavot,0.4,0.4,0.367958,0.00288217,0.385967,0.018009,4.66595
adult,feasible,fedavot_cvar,fedavot,0.3,0.5,0.368122,0.00250399,0.385967,0.0178448,4.62341
adult,feasible,fedavot_cvar,fedavot,0.6,0.1,0.368155,0.00223169,0.385967,0.0178116,4.6148
adult,feasible,fedavot_cvar,fedavot,0.5,0.4,0.369229,0.00245237,0.385967,0.0167378,4.33659
adult,feasible,fedavot_cvar,fedavot,0.1,0.9,0.369531,0.00158281,0.385967,0.0164356,4.2583
adult,feasible,fedavot_cvar,fedavot,0.6,0.2,0.369604,0.00223289,0.385967,0.0163626,4.23938
adult,feasible,fedavot_cvar,fedavot,0.4,0.5,0.369642,0.00276566,0.385967,0.016325,4.22964
adult,feasible,fedavot_cvar,fedavot,0.2,0.8,0.369871,0.00192213,0.385967,0.016096,4.17031
adult,feasible,fedavot_cvar,fedavot,0.3,0.6,0.370161,0.00251857,0.385967,0.0158056,4.09507
adult,feasible,fedavot_cvar,fedavot,0.5,0.5,0.371258,0.00241299,0.385967,0.0147082,3.81074
adult,feasible,fedavot_cvar,fedavot,0.6,0.3,0.371305,0.0022583,0.385967,0.0146614,3.79862
adult,feasible,fedavot_cvar,fedavot,0.4,0.6,0.371628,0.00266484,0.385967,0.0143384,3.71493
adult,feasible,fedavot_cvar,fedavot,0.3,0.7,0.372342,0.00245709,0.385967,0.0136242,3.52989
adult,feasible,fedavot_cvar,fedavot,0.6,0.4,0.373136,0.00227507,0.385967,0.0128308,3.32433
adult,feasible,fedavot_cvar,fedavot,0.7,0.1,0.373289,0.00196437,0.385967,0.0126776,3.28464
adult,feasible,fedavot_cvar,fedavot,0.5,0.6,0.37355,0.00238551,0.385967,0.012417,3.21712
adult,feasible,fedavot_cvar,fedavot,0.4,0.7,0.374053,0.00254994,0.385967,0.0119138,3.08674
adult,feasible,fedavot_cvar,fedavot,0.7,0.2,0.374567,0.00198232,0.385967,0.0113996,2.95352
adult,feasible,fedavot_cvar,fedavot,0.6,0.5,0.375053,0.00228054,0.385967,0.0109132,2.8275
adult,feasible,fedavot_cvar,fedavot,0.3,0.8,0.375061,0.00232289,0.385967,0.0109054,2.82548
adult,feasible,fedavot_cvar,fedavot,0.7,0.3,0.375926,0.00203522,0.385967,0.0100402,2.60131
adult,feasible,fedavot_cvar,fedavot,0.5,0.7,0.376096,0.00237214,0.385967,0.0098706,2.55737
adult,feasible,fedavot_cvar,fedavot,0.2,0.9,0.37622,0.00212099,0.385967,0.009747,2.52535
adult,feasible,fedavot_cvar,fedavot,0.6,0.6,0.377043,0.00228765,0.385967,0.0089234,2.31196
adult,feasible,fedavot_cvar,fedavot,0.4,0.8,0.377047,0.00243316,0.385967,0.0089198,2.31103
adult,feasible,fedavot_cvar,fedavot,0.7,0.4,0.377336,0.00208316,0.385967,0.0086308,2.23615
adult,feasible,fedavot_cvar,fedavot,0.7,0.5,0.378758,0.00212515,0.385967,0.0072084,1.86762
adult,feasible,fedavot_cvar,fedavot,0.5,0.8,0.37894,0.00234498,0.385967,0.0070266,1.82052
adult,feasible,fedavot_cvar,fedavot,0.8,0.1,0.378975,0.00186726,0.385967,0.0069914,1.8114
adult,feasible,fedavot_cvar,fedavot,0.6,0.7,0.379093,0.00227781,0.385967,0.0068732,1.78078
adult,feasible,fedavot_cvar,fedavot,0.3,0.9,0.37932,0.00223936,0.385967,0.0066468,1.72212
adult,feasible,fedavot_cvar,fedavot,0.8,0.2,0.3799,0.00189713,0.385967,0.0060668,1.57185
adult,feasible,fedavot_cvar,fedavot,0.7,0.6,0.380174,0.00215535,0.385967,0.0057926,1.5008
adult,feasible,fedavot_cvar,fedavot,0.8,0.3,0.380769,0.00194089,0.385967,0.0051972,1.34654
adult,feasible,fedavot_cvar,fedavot,0.4,0.9,0.380894,0.00232499,0.385967,0.005073,1.31436
adult,feasible,fedavot_cvar,fedavot,0.6,0.8,0.381218,0.00226703,0.385967,0.0047486,1.23031
adult,feasible,fedavot_cvar,fedavot,0.7,0.7,0.381597,0.00217679,0.385967,0.00437,1.13222
adult,feasible,fedavot_cvar,fedavot,0.8,0.4,0.381605,0.00198794,0.385967,0.0043614,1.12999
adult,feasible,fedavot_cvar,fedavot,0.5,0.9,0.382198,0.00228355,0.385967,0.0037686,0.976406
adult,feasible,fedavot_cvar,fedavot,0.8,0.5,0.382409,0.00203461,0.385967,0.0035578,0.92179
adult,feasible,fedavot_cvar,fedavot,0.7,0.8,0.383033,0.00219887,0.385967,0.0029336,0.760066
adult,feasible,fedavot_cvar,fedavot,0.9,0.1,0.383149,0.00209971,0.385967,0.002818,0.730115
adult,feasible,fedavot_cvar,fedavot,0.8,0.6,0.383179,0.00208371,0.385967,0.0027876,0.722239
adult,feasible,fedavot_cvar,fedavot,0.6,0.9,0.383474,0.00224753,0.385967,0.0024922,0.645704
adult,feasible,fedavot_cvar,fedavot,0.9,0.2,0.383487,0.00211349,0.385967,0.00248,0.642543
adult,feasible,fedavot_cvar,fedavot,0.9,0.3,0.383816,0.00212643,0.385967,0.0021504,0.557147
adult,feasible,fedavot_cvar,fedavot,0.8,0.7,0.383918,0.00211998,0.385967,0.0020488,0.530823
adult,feasible,fedavot_cvar,fedavot,0.9,0.4,0.384147,0.00214165,0.385967,0.00182,0.471543
adult,feasible,fedavot_cvar,fedavot,0.9,0.5,0.38447,0.00215506,0.385967,0.001497,0.387857
adult,feasible,fedavot_cvar,fedavot,0.7,0.9,0.384489,0.00221218,0.385967,0.0014778,0.382883
adult,feasible,fedavot_cvar,fedavot,0.8,0.8,0.384632,0.0021543,0.385967,0.0013346,0.345781
adult,feasible,fedavot_cvar,fedavot,0.9,0.6,0.384788,0.00216941,0.385967,0.0011782,0.30526
adult,feasible,fedavot_cvar,fedavot,0.9,0.7,0.3851,0.00218025,0.385967,0.000867,0.224631
adult,feasible,fedavot_cvar,fedavot,0.8,0.9,0.385317,0.0021841,0.385967,0.0006498,0.168357
adult,feasible,fedavot_cvar,fedavot,0.9,0.8,0.385403,0.00219046,0.385967,0.000564,0.146127
adult,feasible,fedavot_cvar,fedavot,0.9,0.9,0.385693,0.00220022,0.385967,0.0002738,0.0709388
adult,feasible,fedcvar,fedavg,0.1,0.4,0.354261,0.00126483,0.380568,0.0263072,6.91261
adult,feasible,fedcvar,fedavg,0.1,0.3,0.354336,0.00151368,0.380568,0.0262324,6.89296
adult,feasible,fedcvar,fedavg,0.1,0.5,0.354419,0.00118074,0.380568,0.0261496,6.8712
adult,feasible,fedcvar,fedavg,0.1,0.6,0.354699,0.00128758,0.380568,0.0258692,6.79752
adult,feasible,fedcvar,fedavg,0.1,0.2,0.3548,0.00158409,0.380568,0.025768,6.77093
adult,feasible,fedcvar,fedavg,0.1,0.1,0.354941,0.0014912,0.380568,0.0256268,6.73383
adult,feasible,fedcvar,fedavg,0.1,0.7,0.355772,0.00141727,0.380568,0.0247964,6.51563
adult,feasible,fedcvar,fedavg,0.2,0.2,0.356133,0.00191428,0.380568,0.024435,6.42066
adult,feasible,fedcvar,fedavg,0.2,0.1,0.35615,0.00183232,0.380568,0.0244184,6.4163
adult,feasible,fedcvar,fedavg,0.2,0.3,0.356333,0.00176613,0.380568,0.0242356,6.36827
adult,feasible,fedcvar,fedavg,0.2,0.4,0.356896,0.00169525,0.380568,0.0236718,6.22012
adult,feasible,fedcvar,fedavg,0.2,0.5,0.35788,0.0016922,0.380568,0.0226878,5.96156
adult,feasible,fedcvar,fedavg,0.1,0.8,0.358452,0.00152053,0.380568,0.0221166,5.81147
adult,feasible,fedcvar,fedavg,0.2,0.6,0.359369,0.00159544,0.380568,0.021199,5.57036
adult,feasible,fedcvar,fedavg,0.3,0.1,0.359867,0.00235009,0.380568,0.0207012,5.43955
adult,feasible,fedcvar,fedavg,0.3,0.2,0.360568,0.00234236,0.380568,0.0200004,5.2554
adult,feasible,fedcvar,fedavg,0.3,0.3,0.361551,0.00231789,0.380568,0.0190172,4.99705
adult,feasible,fedcvar,fedavg,0.2,0.7,0.361802,0.00165364,0.380568,0.0187658,4.931
adult,feasible,fedcvar,fedavg,0.5,0.1,0.361811,0.00272057,0.380568,0.0187572,4.92874
adult,feasible,fedcvar,fedavg,0.5,0.2,0.362726,0.00263233,0.380568,0.0178418,4.6882
adult,feasible,fedcvar,fedavg,0.4,0.1,0.362737,0.00294942,0.380568,0.0178308,4.68531
adult,feasible,fedcvar,fedavg,0.3,0.4,0.362809,0.00233536,0.380568,0.017759,4.66644
adult,feasible,fedcvar,fedavg,0.4,0.2,0.363583,0.00285562,0.380568,0.0169856,4.46322
adult,feasible,fedcvar,fedavg,0.6,0.1,0.363835,0.00223476,0.380568,0.016733,4.39685
adult,feasible,fedcvar,fedavg,0.5,0.3,0.363909,0.00254861,0.380568,0.0166596,4.37756
adult,feasible,fedcvar,fedavg,0.3,0.5,0.36425,0.0023099,0.380568,0.0163178,4.28775
adult,feasible,fedcvar,fedavg,0.4,0.3,0.364446,0.00279233,0.380568,0.0161224,4.2364
adult,feasible,fedcvar,fedavg,0.6,0.2,0.365064,0.00221611,0.380568,0.0155044,4.07401
adult,feasible,fedcvar,fedavg,0.5,0.4,0.36532,0.00252627,0.380568,0.0152482,4.00669
adult,feasible,fedcvar,fedavg,0.4,0.4,0.365525,0.00270863,0.380568,0.0150434,3.95288
adult,feasible,fedcvar,fedavg,0.1,0.9,0.365581,0.00165712,0.380568,0.0149872,3.93811
adult,feasible,fedcvar,fedavg,0.2,0.8,0.365646,0.00174639,0.380568,0.0149218,3.92093
adult,feasible,fedcvar,fedavg,0.3,0.6,0.36611,0.00233767,0.380568,0.0144586,3.79921
adult,feasible,fedcvar,fedavg,0.6,0.3,0.366535,0.00223743,0.380568,0.0140334,3.68749
adult,feasible,fedcvar,fedavg,0.4,0.5,0.366775,0.00265128,0.380568,0.013793,3.62432
adult,feasible,fedcvar,fedavg,0.5,0.5,0.366975,0.00244949,0.380568,0.0135928,3.57171
adult,feasible,fedcvar,fedavg,0.6,0.4,0.368161,0.00224943,0.380568,0.012407,3.26013
adult,feasible,fedcvar,fedavg,0.3,0.7,0.368177,0.00235435,0.380568,0.0123916,3.25608
adult,feasible,fedcvar,fedavg,0.7,0.1,0.368184,0.00199652,0.380568,0.0123846,3.25424
adult,feasible,fedcvar,fedavg,0.4,0.6,0.368236,0.00250454,0.380568,0.0123326,3.24058
adult,feasible,fedcvar,fedavg,0.5,0.6,0.368941,0.00237757,0.380568,0.0116276,3.05533
adult,feasible,fedcvar,fedavg,0.7,0.2,0.369283,0.00201381,0.380568,0.0112854,2.96541
adult,feasible,fedcvar,fedavg,0.6,0.5,0.369905,0.00224618,0.380568,0.0106636,2.80202
adult,feasible,fedcvar,fedavg,0.4,0.7,0.370062,0.00237714,0.380568,0.010506,2.76061
adult,feasible,fedcvar,fedavg,0.7,0.3,0.370545,0.00203862,0.380568,0.0100236,2.63385
adult,feasible,fedcvar,fedavg,0.3,0.8,0.37082,0.002225,0.380568,0.0097484,2.56154
adult,feasible,fedcvar,fedavg,0.5,0.7,0.37128,0.00229135,0.380568,0.0092884,2.44067
adult,feasible,fedcvar,fedavg,0.2,0.9,0.371555,0.00196441,0.380568,0.0090132,2.36835
adult,feasible,fedcvar,fedavg,0.6,0.6,0.371768,0.00225303,0.380568,0.0087998,2.31228
adult,feasible,fedcvar,fedavg,0.7,0.4,0.371899,0.0020804,0.380568,0.0086696,2.27807
adult,feasible,fedcvar,fedavg,0.4,0.8,0.372451,0.00229307,0.380568,0.0081172,2.13292
adult,feasible,fedcvar,fedavg,0.8,0.1,0.37308,0.00181909,0.380568,0.0074882,1.96764
adult,feasible,fedcvar,fedavg,0.7,0.5,0.373287,0.00210198,0.380568,0.0072816,1.91335
adult,feasible,fedcvar,fedavg,0.6,0.7,0.373757,0.00223551,0.380568,0.0068114,1.7898
adult,feasible,fedcvar,fedavg,0.5,0.8,0.373959,0.00225132,0.380568,0.006609,1.73661
adult,feasible,fedcvar,fedavg,0.8,0.2,0.373959,0.00183026,0.380568,0.006609,1.73661
adult,feasible,fedcvar,fedavg,0.3,0.9,0.374595,0.00217916,0.380568,0.0059728,1.56944
adult,feasible,fedcvar,fedavg,0.7,0.6,0.374698,0.00212532,0.380568,0.0058706,1.54259
adult,feasible,fedcvar,fedavg,0.8,0.3,0.37483,0.0018776,0.380568,0.0057386,1.5079
adult,feasible,fedcvar,fedavg,0.8,0.4,0.375702,0.00191786,0.380568,0.004866,1.27861
adult,feasible,fedcvar,fedavg,0.4,0.9,0.375741,0.00224629,0.380568,0.004827,1.26837
adult,feasible,fedcvar,fedavg,0.6,0.8,0.375878,0.00221952,0.380568,0.0046904,1.23247
adult,feasible,fedcvar,fedavg,0.7,0.7,0.376124,0.00214465,0.380568,0.004444,1.16773
adult,feasible,fedcvar,fedavg,0.8,0.5,0.376564,0.00197289,0.380568,0.0040046,1.05227
adult,feasible,fedcvar,fedavg,0.5,0.9,0.377074,0.00221586,0.380568,0.0034942,0.918153
adult,feasible,fedcvar,fedavg,0.9,0.1,0.377398,0.00202785,0.380568,0.0031698,0.832912
adult,feasible,fedcvar,fedavg,0.8,0.6,0.377405,0.0020194,0.380568,0.0031632,0.831178
adult,feasible,fedcvar,fedavg,0.7,0.8,0.377571,0.00215854,0.380568,0.0029968,0.787454
adult,feasible,fedcvar,fedavg,0.9,0.2,0.377767,0.00204899,0.380568,0.0028012,0.736057
adult,feasible,fedcvar,fedavg,0.6,0.9,0.378122,0.00220478,0.380568,0.0024458,0.642671
adult,feasible,fedcvar,fedavg,0.9,0.3,0.378134,0.00206825,0.380568,0.002434,0.63957
adult,feasible,fedcvar,fedavg,0.8,0.7,0.378234,0.00205392,0.380568,0.0023344,0.613399
adult,feasible,fedcvar,fedavg,0.9,0.4,0.3785,0.00208681,0.380568,0.0020684,0.543503
adult,feasible,fedcvar,fedavg,0.9,0.5,0.378859,0.00210375,0.380568,0.0017096,0.449223
adult,feasible,fedcvar,fedavg,0.8,0.8,0.379032,0.00209642,0.380568,0.001536,0.403607
adult,feasible,fedcvar,fedavg,0.7,0.9,0.379045,0.00217234,0.380568,0.0015236,0.400349
adult,feasible,fedcvar,fedavg,0.9,0.6,0.379214,0.00212289,0.380568,0.0013538,0.355731
adult,feasible,fedcvar,fedavg,0.9,0.7,0.379566,0.00213967,0.380568,0.0010024,0.263396
adult,feasible,fedcvar,fedavg,0.8,0.9,0.379814,0.00213888,0.380568,0.0007544,0.19823
adult,feasible,fedcvar,fedavg,0.9,0.8,0.379911,0.00215606,0.380568,0.0006572,0.172689
adult,feasible,fedcvar,fedavg,0.9,0.9,0.380248,0.00216899,0.380568,0.0003206,0.0842425
adult,infeasible,fedavot_cvar,fedavot,0.2,0.8,0.357274,0.00245678,0.361572,0.0042978,1.18864
adult,infeasible,fedavot_cvar,fedavot,0.2,0.7,0.357991,0.00225033,0.361572,0.0035812,0.990453
adult,infeasible,fedavot_cvar,fedavot,0.2,0.9,0.35837,0.00273886,0.361572,0.0032018,0.885522
adult,infeasible,fedavot_cvar,fedavot,0.3,0.8,0.358815,0.00254472,0.361572,0.0027568,0.762448
adult,infeasible,fedavot_cvar,fedavot,0.3,0.7,0.35897,0.00226924,0.361572,0.0026016,0.719525
adult,infeasible,fedavot_cvar,fedavot,0.1,0.8,0.359147,0.00227242,0.361572,0.0024252,0.670738
adult,infeasible,fedavot_cvar,fedavot,0.1,0.9,0.359197,0.00229466,0.361572,0.0023754,0.656965
adult,infeasible,fedavot_cvar,fedavot,0.9,0.2,0.35943,0.00283078,0.361572,0.002142,0.592413
adult,infeasible,fedavot_cvar,fedavot,0.9,0.1,0.359457,0.00282924,0.361572,0.0021154,0.585056
adult,infeasible,fedavot_cvar,fedavot,0.3,0.9,0.359485,0.00277942,0.361572,0.0020874,0.577312
adult,infeasible,fedavot_cvar,fedavot,0.9,0.3,0.35949,0.00286942,0.361572,0.0020816,0.575708
adult,infeasible,fedavot_cvar,fedavot,0.2,0.6,0.359595,0.00209831,0.361572,0.0019768,0.546724
adult,infeasible,fedavot_cvar,fedavot,0.9,0.4,0.359633,0.00287592,0.361572,0.0019388,0.536214
adult,infeasible,fedavot_cvar,fedavot,0.7,0.4,0.359685,0.00312772,0.361572,0.0018868,0.521832
adult,infeasible,fedavot_cvar,fedavot,0.7,0.5,0.359707,0.00317809,0.361572,0.0018652,0.515859
adult,infeasible,fedavot_cvar,fedavot,0.1,0.7,0.359716,0.00216157,0.361572,0.001856,0.513314
adult,infeasible,fedavot_cvar,fedavot,0.8,0.3,0.359719,0.00295199,0.361572,0.0018534,0.512595
adult,infeasible,fedavot_cvar,fedavot,0.8,0.4,0.35975,0.00297314,0.361572,0.0018222,0.503966
adult,infeasible,fedavot_cvar,fedavot,0.7,0.6,0.359764,0.00322309,0.361572,0.0018082,0.500094
adult,infeasible,fedavot_cvar,fedavot,0.8,0.2,0.359778,0.00288506,0.361572,0.0017942,0.496222
adult,infeasible,fedavot_cvar,fedavot,0.7,0.3,0.359781,0.00310141,0.361572,0.001791,0.495337
adult,infeasible,fedavot_cvar,fedavot,0.3,0.6,0.359811,0.00204167,0.361572,0.0017606,0.486929
adult,infeasible,fedavot_cvar,fedavot,0.9,0.5,0.359845,0.0028791,0.361572,0.001727,0.477637
adult,infeasible,fedavot_cvar,fedavot,0.8,0.5,0.359866,0.00297455,0.361572,0.0017062,0.471884
adult,infeasible,fedavot_cvar,fedavot,0.8,0.1,0.359911,0.00284318,0.361572,0.0016614,0.459494
adult,infeasible,fedavot_cvar,fedavot,0.7,0.2,0.359973,0.0030669,0.361572,0.0015994,0.442346
adult,infeasible,fedavot_cvar,fedavot,0.7,0.7,0.360015,0.00324681,0.361572,0.0015568,0.430564
adult,infeasible,fedavot_cvar,fedavot,0.8,0.6,0.360082,0.00300228,0.361572,0.0014896,0.411979
adult,infeasible,fedavot_cvar,fedavot,0.9,0.6,0.360117,0.00289172,0.361572,0.001455,0.402409
adult,infeasible,fedavot_cvar,fedavot,0.4,0.8,0.36018,0.00275677,0.361572,0.0013918,0.38493
adult,infeasible,fedavot_cvar,fedavot,0.7,0.1,0.360249,0.00306075,0.361572,0.0013232,0.365958
adult,infeasible,fedavot_cvar,fedavot,0.8,0.7,0.360349,0.00300843,0.361572,0.0012228,0.33819
adult,infeasible,fedavot_cvar,fedavot,0.6,0.4,0.360358,0.00318018,0.361572,0.001214,0.335756
adult,infeasible,fedavot_cvar,fedavot,0.4,0.9,0.360409,0.00286946,0.361572,0.0011628,0.321596
adult,infeasible,fedavot_cvar,fedavot,0.6,0.5,0.360417,0.00316358,0.361572,0.0011546,0.319328
adult,infeasible,fedavot_cvar,fedavot,0.7,0.8,0.360425,0.00320296,0.361572,0.0011468,0.317171
adult,infeasible,fedavot_cvar,fedavot,0.9,0.7,0.360447,0.00291834,0.361572,0.0011246,0.311031
adult,infeasible,fedavot_cvar,fedavot,0.6,0.3,0.360472,0.00323958,0.361572,0.0011,0.304227
adult,infeasible,fedavot_cvar,fedavot,0.4,0.7,0.360501,0.00263892,0.361572,0.0010708,0.296151
adult,infeasible,fedavot_cvar,fedavot,0.6,0.6,0.360593,0.00317703,0.361572,0.0009792,0.270817
adult,infeasible,fedavot_cvar,fedavot,0.6,0.2,0.360654,0.00312406,0.361572,0.0009182,0.253947
adult,infeasible,fedavot_cvar,fedavot,0.8,0.8,0.360675,0.00298396,0.361572,0.0008968,0.248028
adult,infeasible,fedavot_cvar,fedavot,0.9,0.8,0.3608,0.00295123,0.361572,0.000772,0.213512
adult,infeasible,fedavot_cvar,fedavot,0.6,0.7,0.360805,0.00312905,0.361572,0.0007674,0.21224
adult,infeasible,fedavot_cvar,fedavot,0.7,0.9,0.360906,0.00308238,0.361572,0.0006662,0.184251
adult,infeasible,fedavot_cvar,fedavot,0.3,0.5,0.360963,0.0020722,0.361572,0.0006094,0.168542
adult,infeasible,fedavot_cvar,fedavot,0.6,0.1,0.361036,0.00316843,0.361572,0.000536,0.148242
adult,infeasible,fedavot_cvar,fedavot,0.6,0.8,0.361071,0.00301976,0.361572,0.0005006,0.138451
adult,infeasible,fedavot_cvar,fedavot,0.8,0.9,0.36109,0.00297194,0.361572,0.0004822,0.133362
adult,infeasible,fedavot_cvar,fedavot,0.1,0.6,0.361107,0.00202948,0.361572,0.0004648,0.12855
adult,infeasible,fedavot_cvar,fedavot,0.4,0.6,0.36114,0.0025815,0.361572,0.0004318,0.119423
adult,infeasible,fedavot_cvar,fedavot,0.5,0.8,0.361158,0.00285576,0.361572,0.0004138,0.114445
adult,infeasible,fedavot_cvar,fedavot,0.9,0.9,0.361188,0.0029691,0.361572,0.000384,0.106203
adult,infeasible,fedavot_cvar,fedavot,0.5,0.9,0.361191,0.00289978,0.361572,0.000381,0.105373
adult,infeasible,fedavot_cvar,fedavot,0.5,0.7,0.361321,0.00282395,0.361572,0.0002506,0.0693085
adult,infeasible,fedavot_cvar,fedavot,0.6,0.9,0.361347,0.00299083,0.361572,0.0002248,0.062173
adult,infeasible,fedavot_cvar,fedavot,0.5,0.5,0.361456,0.0028042,0.361572,0.000116,0.0320821
adult,infeasible,fedavot_cvar,fedavot,0.5,0.6,0.361469,0.00282759,0.361572,0.0001032,0.028542
adult,infeasible,fedcvar,fedavg,0.1,0.7,0.383801,0.00221988,0.390741,0.0069396,1.77601
adult,infeasible,fedcvar,fedavg,0.1,0.6,0.384231,0.00229158,0.390741,0.0065092,1.66586
adult,infeasible,fedcvar,fedavg,0.1,0.8,0.384386,0.00214013,0.390741,0.0063548,1.62635
adult,infeasible,fedcvar,fedavg,0.1,0.5,0.385063,0.00224359,0.390741,0.0056772,1.45293
adult,infeasible,fedcvar,fedavg,0.2,0.6,0.385142,0.00227953,0.390741,0.0055988,1.43287
adult,infeasible,fedcvar,fedavg,0.2,0.7,0.385166,0.00226645,0.390741,0.0055746,1.42668
adult,infeasible,fedcvar,fedavg,0.2,0.5,0.38546,0.00241266,0.390741,0.0052808,1.35148
adult,infeasible,fedcvar,fedavg,0.2,0.8,0.385892,0.00215382,0.390741,0.0048488,1.24093
adult,infeasible,fedcvar,fedavg,0.1,0.4,0.386222,0.00257548,0.390741,0.0045188,1.15647
adult,infeasible,fedcvar,fedavg,0.1,0.9,0.386222,0.00220239,0.390741,0.0045186,1.15642
adult,infeasible,fedcvar,fedavg,0.2,0.4,0.386267,0.00261733,0.390741,0.0044738,1.14495
adult,infeasible,fedcvar,fedavg,0.3,0.6,0.387068,0.00207504,0.390741,0.003673,0.94001
adult,infeasible,fedcvar,fedavg,0.2,0.3,0.38716,0.00266115,0.390741,0.0035806,0.916362
adult,infeasible,fedcvar,fedavg,0.3,0.7,0.387207,0.00196392,0.390741,0.0035338,0.904385
adult,infeasible,fedcvar,fedavg,0.3,0.5,0.387334,0.00226848,0.390741,0.0034062,0.871729
adult,infeasible,fedcvar,fedavg,0.1,0.3,0.387442,0.00253121,0.390741,0.0032982,0.844089
adult,infeasible,fedcvar,fedavg,0.3,0.4,0.387555,0.00253177,0.390741,0.0031854,0.815221
adult,infeasible,fedcvar,fedavg,0.2,0.9,0.387564,0.0021468,0.390741,0.0031766,0.812969
adult,infeasible,fedcvar,fedavg,0.3,0.8,0.387696,0.00192125,0.390741,0.0030444,0.779136
adult,infeasible,fedcvar,fedavg,0.3,0.3,0.387964,0.00276229,0.390741,0.0027762,0.710497
adult,infeasible,fedcvar,fedavg,0.2,0.2,0.388017,0.00288471,0.390741,0.002724,0.697138
adult,infeasible,fedcvar,fedavg,0.8,0.1,0.388131,0.00235972,0.390741,0.0026098,0.667911
adult,infeasible,fedcvar,fedavg,0.7,0.1,0.388215,0.00224336,0.390741,0.0025254,0.646311
adult,infeasible,fedcvar,fedavg,0.8,0.2,0.388255,0.00238553,0.390741,0.0024858,0.636177
adult,infeasible,fedcvar,fedavg,0.7,0.2,0.388256,0.00219094,0.390741,0.0024846,0.635869
adult,infeasible,fedcvar,fedavg,0.3,0.2,0.388332,0.00287503,0.390741,0.0024084,0.616368
adult,infeasible,fedcvar,fedavg,0.7,0.3,0.388387,0.00218761,0.390741,0.002354,0.602446
adult,infeasible,fedcvar,fedavg,0.8,0.3,0.388429,0.00238692,0.390741,0.0023116,0.591595
adult,infeasible,fedcvar,fedavg,0.4,0.6,0.388492,0.00216532,0.390741,0.002249,0.575574
adult,infeasible,fedcvar,fedavg,0.3,0.1,0.388534,0.00304156,0.390741,0.0022062,0.56462
adult,infeasible,fedcvar,fedavg,0.7,0.4,0.388541,0.00210543,0.390741,0.0021996,0.562931
adult,infeasible,fedcvar,fedavg,0.4,0.7,0.388581,0.00207756,0.390741,0.0021598,0.552745
adult,infeasible,fedcvar,fedavg,0.2,0.1,0.388586,0.00275075,0.390741,0.0021544,0.551363
adult,infeasible,fedcvar,fedavg,0.8,0.4,0.388598,0.00240287,0.390741,0.0021422,0.548241
adult,infeasible,fedcvar,fedavg,0.4,0.5,0.388621,0.00227833,0.390741,0.0021192,0.542355
adult,infeasible,fedcvar,fedavg,0.1,0.2,0.388629,0.00255006,0.390741,0.0021112,0.540307
adult,infeasible,fedcvar,fedavg,0.7,0.5,0.388734,0.00212216,0.390741,0.0020068,0.513589
adult,infeasible,fedcvar,fedavg,0.3,0.9,0.38878,0.0020742,0.390741,0.0019606,0.501765
adult,infeasible,fedcvar,fedavg,0.4,0.4,0.388811,0.00242832,0.390741,0.0019298,0.493883
adult,infeasible,fedcvar,fedavg,0.8,0.5,0.388834,0.00238283,0.390741,0.0019068,0.487996
adult,infeasible,fedcvar,fedavg,0.6,0.1,0.388897,0.0023822,0.390741,0.0018434,0.471771
adult,infeasible,fedcvar,fedavg,0.4,0.1,0.388928,0.00251188,0.390741,0.001813,0.463991
adult,infeasible,fedcvar,fedavg,0.4,0.8,0.388931,0.00208507,0.390741,0.00181,0.463223
adult,infeasible,fedcvar,fedavg,0.4,0.3,0.388946,0.0024167,0.390741,0.0017946,0.459282
adult,infeasible,fedcvar,fedavg,0.4,0.2,0.389002,0.00250681,0.390741,0.0017388,0.445001
adult,infeasible,fedcvar,fedavg,0.7,0.6,0.389017,0.00216984,0.390741,0.0017236,0.441111
adult,infeasible,fedcvar,fedavg,0.6,0.2,0.389033,0.0022732,0.390741,0.0017078,0.437067
adult,infeasible,fedcvar,fedavg,0.5,0.1,0.389085,0.00243968,0.390741,0.0016558,0.423759
adult,infeasible,fedcvar,fedavg,0.8,0.6,0.389116,0.00238733,0.390741,0.0016242,0.415672
adult,infeasible,fedcvar,fedavg,0.6,0.3,0.389203,0.00225021,0.390741,0.001538,0.393612
adult,infeasible,fedcvar,fedavg,0.5,0.2,0.389287,0.00246304,0.390741,0.0014532,0.371909
adult,infeasible,fedcvar,fedavg,0.6,0.4,0.389355,0.00217936,0.390741,0.0013856,0.354609
adult,infeasible,fedcvar,fedavg,0.7,0.7,0.389365,0.00222988,0.390741,0.001376,0.352152
adult,infeasible,fedcvar,fedavg,0.5,0.3,0.389404,0.00231986,0.390741,0.0013368,0.34212
adult,infeasible,fedcvar,fedavg,0.5,0.4,0.38944,0.00233075,0.390741,0.0013004,0.332804
adult,infeasible,fedcvar,fedavg,0.9,0.1,0.38945,0.00230714,0.390741,0.001291,0.330398
adult,infeasible,fedcvar,fedavg,0.8,0.7,0.389462,0.00235971,0.390741,0.001279,0.327327
adult,infeasible,fedcvar,fedavg,0.6,0.5,0.389494,0.00218157,0.390741,0.0012464,0.318984
adult,infeasible,fedcvar,fedavg,0.5,0.5,0.389497,0.00226611,0.390741,0.0012438,0.318319
adult,infeasible,fedcvar,fedavg,0.9,0.2,0.389517,0.00232317,0.390741,0.0012236,0.313149
adult,infeasible,fedcvar,fedavg,0.5,0.6,0.389522,0.00223955,0.390741,0.0012184,0.311818
adult,infeasible,fedcvar,fedavg,0.4,0.9,0.389568,0.00213729,0.390741,0.0011722,0.299994
adult,infeasible,fedcvar,fedavg,0.5,0.7,0.389571,0.00212742,0.390741,0.00117,0.299431
adult,infeasible,fedcvar,fedavg,0.1,0.1,0.389585,0.00306423,0.390741,0.001156,0.295848
adult,infeasible,fedcvar,fedavg,0.9,0.3,0.3896,0.00231993,0.390741,0.001141,0.29201
adult,infeasible,fedcvar,fedavg,0.9,0.4,0.389692,0.00233645,0.390741,0.0010484,0.268311
adult,infeasible,fedcvar,fedavg,0.6,0.6,0.389716,0.00218286,0.390741,0.0010242,0.262118
adult,infeasible,fedcvar,fedavg,0.5,0.8,0.389766,0.00211598,0.390741,0.0009746,0.249424
adult,infeasible,fedcvar,fedavg,0.7,0.8,0.389787,0.00227,0.390741,0.000954,0.244152
adult,infeasible,fedcvar,fedavg,0.9,0.5,0.389818,0.00232034,0.390741,0.000923,0.236218
adult,infeasible,fedcvar,fedavg,0.8,0.8,0.389839,0.00234641,0.390741,0.0009018,0.230793
adult,infeasible,fedcvar,fedavg,0.6,0.7,0.389874,0.00211004,0.390741,0.0008664,0.221733
adult,infeasible,fedcvar,fedavg,0.9,0.6,0.389954,0.00232012,0.390741,0.0007866,0.20131
adult,infeasible,fedcvar,fedavg,0.6,0.8,0.390076,0.00214827,0.390741,0.0006642,0.169985
adult,infeasible,fedcvar,fedavg,0.9,0.7,0.390109,0.0023127,0.390741,0.0006318,0.161693
adult,infeasible,fedcvar,fedavg,0.5,0.9,0.39011,0.00215807,0.390741,0.000631,0.161488
adult,infeasible,fedcvar,fedavg,0.8,0.9,0.390263,0.00232718,0.390741,0.0004778,0.122281
adult,infeasible,fedcvar,fedavg,0.7,0.9,0.390268,0.00229202,0.390741,0.0004728,0.121001
adult,infeasible,fedcvar,fedavg,0.9,0.8,0.390289,0.00230776,0.390741,0.0004514,0.115524
adult,infeasible,fedcvar,fedavg,0.6,0.9,0.390364,0.00221212,0.390741,0.0003762,0.0962787
adult,infeasible,fedcvar,fedavg,0.9,0.9,0.390511,0.00230138,0.390741,0.0002298,0.0588114
imdbwiki,feasible,fedavot_cvar,fedavot,0.9,0.2,122.694,1.14591,122.823,0.1288,0.104866
imdbwiki,feasible,fedavot_cvar,fedavot,0.9,0.1,122.704,1.15589,122.823,0.1192,0.0970502
imdbwiki,feasible,fedavot_cvar,fedavot,0.9,0.3,122.713,1.14824,122.823,0.1102,0.0897226
imdbwiki,feasible,fedavot_cvar,fedavot,0.9,0.4,122.713,1.14875,122.823,0.1098,0.0893969
imdbwiki,feasible,fedavot_cvar,fedavot,0.9,0.5,122.727,1.15663,122.823,0.096,0.0781613
imdbwiki,feasible,fedavot_cvar,fedavot,0.9,0.6,122.745,1.16692,122.823,0.0784,0.0638317
imdbwiki,feasible,fedavot_cvar,fedavot,0.8,0.6,122.78,1.17812,122.823,0.0432,0.0351726
imdbwiki,feasible,fedavot_cvar,fedavot,0.8,0.7,122.785,1.17791,122.823,0.0382,0.0311017
imdbwiki,feasible,fedavot_cvar,fedavot,0.8,0.5,122.794,1.1675,122.823,0.0288,0.0234484
imdbwiki,feasible,fedavot_cvar,fedavot,0.9,0.7,122.809,1.17685,122.823,0.0138,0.0112357
imdbwiki,feasible,fedavot_cvar,fedavot,0.8,0.4,122.82,1.18319,122.823,0.0032,0.00260538
imdbwiki,feasible,fedcvar,fedavg,0.4,0.8,110.784,0.420588,111.121,0.337,0.303272
imdbwiki,feasible,fedcvar,fedavg,0.5,0.8,110.8,0.430504,111.121,0.3212,0.289053
imdbwiki,feasible,fedcvar,fedavg,0.5,0.7,110.802,0.44374,111.121,0.319,0.287073
imdbwiki,feasible,fedcvar,fedavg,0.6,0.7,110.81,0.440158,111.121,0.3112,0.280054
imdbwiki,feasible,fedcvar,fedavg,0.3,0.9,110.825,0.399013,111.121,0.296,0.266375
imdbwiki,feasible,fedcvar,fedavg,0.7,0.5,110.826,0.460417,111.121,0.2954,0.265835
imdbwiki,feasible,fedcvar,fedavg,0.6,0.6,110.826,0.45135,111.121,0.295,0.265475
imdbwiki,feasible,fedcvar,fedavg,0.7,0.6,110.831,0.444548,111.121,0.2908,0.261696
imdbwiki,feasible,fedcvar,fedavg,0.8,0.3,110.836,0.475573,111.121,0.2858,0.257196
imdbwiki,feasible,fedcvar,fedavg,0.9,0.1,110.836,0.465088,111.121,0.285,0.256476
imdbwiki,feasible,fedcvar,fedavg,0.8,0.2,110.844,0.498507,111.121,0.2776,0.249817
imdbwiki,feasible,fedcvar,fedavg,0.7,0.4,110.846,0.484339,111.121,0.2758,0.248197
imdbwiki,feasible,fedcvar,fedavg,0.8,0.4,110.846,0.456685,111.121,0.2754,0.247837
imdbwiki,feasible,fedcvar,fedavg,0.9,0.2,110.856,0.449559,111.121,0.2656,0.239018
imdbwiki,feasible,fedcvar,fedavg,0.2,0.9,110.857,0.458384,111.121,0.2644,0.237938
imdbwiki,feasible,fedcvar,fedavg,0.6,0.8,110.857,0.422171,111.121,0.264,0.237578
imdbwiki,feasible,fedcvar,fedavg,0.7,0.7,110.859,0.424203,111.121,0.2628,0.236498
imdbwiki,feasible,fedcvar,fedavg,0.8,0.1,110.869,0.50573,111.121,0.2528,0.227499
imdbwiki,feasible,fedcvar,fedavg,0.3,0.8,110.87,0.479098,111.121,0.2512,0.226059
imdbwiki,feasible,fedcvar,fedavg,0.8,0.5,110.874,0.444636,111.121,0.2474,0.222639
imdbwiki,feasible,fedcvar,fedavg,0.9,0.3,110.878,0.449333,111.121,0.2438,0.2194
imdbwiki,feasible,fedcvar,fedavg,0.6,0.5,110.879,0.489108,111.121,0.2422,0.21796
imdbwiki,feasible,fedcvar,fedavg,0.4,0.9,110.885,0.410085,111.121,0.2368,0.2131
imdbwiki,feasible,fedcvar,fedavg,0.5,0.6,110.891,0.480784,111.121,0.2302,0.207161
imdbwiki,feasible,fedcvar,fedavg,0.7,0.3,110.902,0.51755,111.121,0.2194,0.197442
imdbwiki,feasible,fedcvar,fedavg,0.9,0.4,110.904,0.441257,111.121,0.2178,0.196002
imdbwiki,feasible,fedcvar,fedavg,0.8,0.6,110.908,0.425264,111.121,0.2136,0.192222
imdbwiki,feasible,fedcvar,fedavg,0.4,0.7,110.909,0.464697,111.121,0.2126,0.191322
imdbwiki,feasible,fedcvar,fedavg,0.9,0.5,110.941,0.43182,111.121,0.1802,0.162165
imdbwiki,feasible,fedcvar,fedavg,0.7,0.8,110.943,0.406984,111.121,0.1788,0.160905
imdbwiki,feasible,fedcvar,fedavg,0.5,0.9,110.951,0.402142,111.121,0.1704,0.153346
imdbwiki,feasible,fedcvar,fedavg,0.8,0.7,110.96,0.409941,111.121,0.1618,0.145607
imdbwiki,feasible,fedcvar,fedavg,0.6,0.4,110.965,0.507452,111.121,0.1564,0.140747
imdbwiki,feasible,fedcvar,fedavg,0.7,0.2,110.977,0.527697,111.121,0.1444,0.129948
imdbwiki,feasible,fedcvar,fedavg,0.9,0.6,110.978,0.415281,111.121,0.1432,0.128868
imdbwiki,feasible,fedcvar,fedavg,0.6,0.9,111.036,0.40146,111.121,0.0858,0.0772129
imdbwiki,feasible,fedcvar,fedavg,0.8,0.8,111.038,0.401955,111.121,0.0832,0.0748731
imdbwiki,feasible,fedcvar,fedavg,0.9,0.7,111.039,0.412664,111.121,0.0828,0.0745131
imdbwiki,feasible,fedcvar,fedavg,0.5,0.5,111.063,0.509157,111.121,0.0582,0.0523752
imdbwiki,feasible,fedcvar,fedavg,0.7,0.1,111.075,0.563592,111.121,0.0468,0.0421161
imdbwiki,feasible,fedcvar,fedavg,0.6,0.3,111.09,0.532622,111.121,0.0312,0.0280774
imdbwiki,feasible,fedcvar,fedavg,0.7,0.9,111.117,0.39759,111.121,0.0044,0.00395963
