round,FedAVOT,"FedAVOT + CVaR (a=0.3, g=0.3)","FedCVaR uniform agg (a=0.3, g=0.3)",FedAvg (uniform over K),FedAvg (full)
0,129.651,130.729,126.162,127.417,125.598
10,121.417,130.638,113.596,114.473,100.637
20,115.2,128.555,110.161,107.801,90.8276
30,115.441,133.747,109.699,105.384,86.7003
40,116.448,131.315,111.981,106.694,84.8525
50,116.167,131.864,115.045,108.257,83.9798
60,114.672,130.553,112.372,107.287,83.5487
70,114.684,129.504,114.882,108.755,83.3277
80,114.904,130.875,112.334,107.805,83.2109
90,114.548,130.335,113.395,107.914,83.1478
100,113.174,123.525,113.866,108.2,83.1129
110,112.292,121.539,113.074,108.165,83.0934
120,116.633,129.159,114.161,109.178,83.0823
130,114.932,127.938,115.333,109.273,83.076
140,116.796,130.009,114.113,109.032,83.0725
150,116.44,128.733,114.255,109.027,83.0705
160,116.955,132.332,113.144,108.697,83.0694
170,115.857,126.347,115.151,109.833,83.0688
180,113.964,124.187,113.14,108.849,83.0685
190,118.469,132.08,113.979,109.121,83.0683
200,116.505,129.9,112.892,108.486,83.0683
210,116.001,127.076,111.341,107.991,83.0683
220,115.174,126.629,111.448,107.238,83.0683
230,115.372,127.086,113.467,107.858,83.0684
240,118.424,131.224,116.079,110.017,83.0684
250,115.292,124.565,113.4,108.308,83.0684
260,114.892,123.725,113.238,108.58,83.0685
270,114.394,123.323,112.15,108.165,83.0685
280,115.122,125.842,115.442,109.443,83.0685
290,113.467,120.224,112.271,108.303,83.0686
300,110.803,117.909,111.634,107.903,83.0686
310,113.628,124.453,112.825,107.939,83.0686
320,109.946,116.69,112.391,107.591,83.0686
330,113.378,123.01,114.038,108.616,83.0686
340,116.635,127.162,115.264,109.485,83.0686
350,117.19,127.666,117.351,111.211,83.0686
360,116.71,129.35,116.451,110.668,83.0686
370,116.249,125.205,114.602,109.587,83.0686
380,116.273,123.793,114.124,109.112,83.0686
390,117.828,125.666,112.957,107.906,83.0686
400,115.801,124.528,114.641,108.734,83.0686
410,113.657,123.804,113.307,108.075,83.0686
420,117.482,128.972,113.824,108.512,83.0686
430,114.572,121.317,112.715,108.082,83.0686
440,118.037,125.197,113.223,108.89,83.0687
450,117.146,125.351,113.625,109.02,83.0687
460,115.256,122.057,112.309,108.371,83.0687
470,117.689,127.821,114.808,108.952,83.0687
480,117.904,129.457,115.922,109.384,83.0687
490,120.089,128.424,115.442,109.482,83.0687
500,120.145,129.029,115.196,109.527,83.0687
510,117.888,125.78,114.295,109.176,83.0687
520,117.589,125.63,114.039,108.377,83.0687
530,116.462,127.3,113.689,107.557,83.0687
540,115.428,125.031,113.817,108.272,83.0687
550,112.966,117.944,111.283,107.838,83.0687
560,115.45,124.779,112.373,107.686,83.0687
570,116.751,128.45,115.641,109.602,83.0687
580,116.814,125.021,114.332,109.153,83.0687
590,114.044,121.021,113.512,108.624,83.0687
600,115.471,123.116,114.695,109.251,83.0687
610,118.038,126.357,115.041,109.519,83.0687
620,115.711,124.19,115.132,109.287,83.0687
630,115.402,121.598,115.495,109.566,83.0687
640,114.791,126.214,113.744,108.638,83.0687
650,113.869,122.492,113.186,108.919,83.0687
660,112.589,118.034,110.937,107.718,83.0687
670,112.584,115.822,110.63,107.443,83.0687
680,115.714,120.727,113.56,108.469,83.0687
690,115.164,119.075,114.23,109.016,83.0687
700,114.812,124.728,114.168,108.268,83.0687
710,113.556,122.101,114.609,108.507,83.0687
720,115.059,122.533,113.861,108.169,83.0687
730,117.138,124.27,114.44,108.632,83.0687
740,117.125,124.324,116.58,109.419,83.0687
750,115.4,124.574,115.9,109.897,83.0687
760,113.829,120.204,115.286,109.626,83.0687
770,114.672,117.923,114.606,109.313,83.0687
780,114.276,116.76,113.141,108.341,83.0687
790,113.558,117.846,112.55,107.878,83.0687
800,115.717,122.301,113.894,108.642,83.0687
810,116.542,126.909,114.664,108.659,83.0687
820,116.678,125.744,115.082,109.413,83.0687
830,114.709,121.011,114.175,108.688,83.0687
840,113.635,120.631,113.789,108.187,83.0687
850,115.453,123.694,114.317,108.6,83.0687
860,114.064,121.015,113.279,108.079,83.0687
870,113.768,123.828,112.614,107.003,83.0687
880,112.363,119.453,111.695,107.172,83.0687
890,115.069,121.162,112.715,107.684,83.0687
900,115.685,121.837,112.296,107.317,83.0687
910,115.747,124.877,112.516,106.793,83.0687
920,113.477,120.395,112.202,107.326,83.0687
930,113.537,120.957,111.374,107.133,83.0687
940,112.556,119.244,113.005,107.446,83.0687
950,115.313,123.457,113.97,108.114,83.0687
960,113.437,121.159,113.776,107.505,83.0687
970,115.716,127.613,114.756,108.345,83.0687
980,116.045,126.236,115.082,108.709,83.0687
990,115.66,124.9,114.526,108.531,83.0687
1000,116.213,126.825,115.35,109.035,83.0687
1010,115.799,124.771,114.827,109.047,83.0687
1020,112.207,116.998,111.007,107.09,83.0687
1030,113.992,121.357,113.59,108.326,83.0687
1040,116.26,127.692,115.708,109.15,83.0687
1050,116.205,124.673,113.492,108.915,83.0687
1060,118.017,128.343,114.726,110.025,83.0687
1070,115.116,122.102,112.863,108.611,83.0687
1080,113.152,118.974,110.487,106.326,83.0687
1090,114.651,121.747,112.56,107.425,83.0687
1100,115.868,123.253,113.924,108.095,83.0687
1110,116.772,124.591,114.519,108.733,83.0687
1120,117.819,127.534,113.792,108.098,83.0687
1130,118.603,131.303,115.723,109.253,83.0687
1140,115.172,123.412,114.743,108.893,83.0687
1150,114.592,120.359,113.981,108.308,83.0687
1160,115.068,120.37,115.73,110.016,83.0687
1170,112.843,118.743,112.878,108.26,83.0687
1180,115.351,121.248,114.3,109.446,83.0687
1190,117.445,124.671,114.486,109.597,83.0687
1200,116.703,124.613,114.906,109.442,83.0687
1210,113.707,120.249,114.335,109.297,83.0687
1220,111.938,117.811,113.578,108.71,83.0687
1230,112.106,118.486,114.421,109.819,83.0687
1240,113.419,121.256,114.151,109.182,83.0687
1250,112.484,120.88,112.983,108.028,83.0687
1260,112.343,119.027,112.867,108.454,83.0687
1270,115.335,124.22,112.504,107.827,83.0687
1280,119.584,129.107,115.07,109.903,83.0687
1290,116.668,126.744,114.112,108.361,83.0687
1300,114.179,120.903,112.247,106.826,83.0687
1310,116.54,126.242,114.881,108.517,83.0687
1320,115.208,121.815,113.489,107.562,83.0687
1330,114.353,123.475,111.233,106.262,83.0687
1340,114.325,122.346,111.385,106.735,83.0687
1350,115.884,121.989,112.273,106.93,83.0687
1360,116.108,121.354,112.258,107.243,83.0687
1370,115.731,123.22,115.832,109.413,83.0687
1380,115.096,123.058,114.267,108.778,83.0687
1390,110.907,116.9,113.718,108.537,83.0687
1400,112.563,121.917,115.659,109.237,83.0687
1410,112.29,120.279,114.992,109.829,83.0687
1420,113.912,124.541,112.713,108.433,83.0687
1430,115.252,124.486,113.184,108.576,83.0687
1440,116.814,124.296,113.821,109.008,83.0687
1450,116.651,124.774,113.976,108.816,83.0687
1460,119.557,128.763,114.596,108.729,83.0687
1470,115.404,123.87,114.918,108.578,83.0687
1480,118.596,129.603,114.769,108.93,83.0687
1490,117.403,124.872,113.768,108.101,83.0687
1500,116.574,123.239,113.78,108.339,83.0687
1510,115.052,119.436,112.042,107.29,83.0687
1520,114.837,122.211,111.344,106.744,83.0687
1530,112.872,119.902,109.332,106.066,83.0687
1540,113.015,120.336,111.86,106.607,83.0687
1550,116.019,125.547,113.69,108.076,83.0687
1560,115.628,120.661,114.076,108.367,83.0687
1570,114.573,120.287,114.834,109.107,83.0687
1580,115.456,118.317,116.246,109.492,83.0687
1590,118.211,126.868,116.434,110.352,83.0687
1600,116.783,125.936,114.825,109.246,83.0687
1610,116.169,126.33,116.261,109.907,83.0687
1620,116.92,124.192,113.583,108.171,83.0687
1630,117.731,126.675,114.745,108.462,83.0687
1640,114.905,123.396,112.761,107.516,83.0687
1650,114.326,121.787,115.025,109.062,83.0687
1660,114.434,122.629,114.316,108.205,83.0687
1670,113.743,120.808,115.734,108.462,83.0687
1680,116.061,126.836,115.181,108.494,83.0687
1690,113.646,123.254,113.733,107.85,83.0687
1700,115.949,125.17,112.293,107.249,83.0687
1710,116.941,127.33,114.322,107.842,83.0687
1720,118.131,127.149,116.419,109.135,83.0687
1730,114.484,121.853,114.064,108.798,83.0687
1740,112.001,118.964,114.36,108.801,83.0687
1750,114.946,119.324,113.979,109.769,83.0687
1760,115.237,121.643,113.732,109.134,83.0687
1770,114.919,121.782,112.561,108.73,83.0687
1780,116.578,125.67,114.836,109.674,83.0687
1790,114.712,122.65,113.316,108.857,83.0687
1800,115.517,124.229,115.458,110.077,83.0687
1810,115.381,123.258,114.081,109.724,83.0687
1820,115.237,121.766,113.336,109.109,83.0687
1830,114.358,121.342,113.126,108.692,83.0687
1840,115.62,121.408,112.37,107.821,83.0687
1850,114.429,121.614,113.171,108.324,83.0687
1860,112.258,123.592,112.75,107.886,83.0687
1870,114.255,121.122,113.173,108.684,83.0687
1880,113.933,122.25,112.894,108.326,83.0687
1890,114.06,122.098,114.336,108.761,83.0687
1900,112.769,120.915,111.605,108.245,83.0687
1910,112.853,121.501,110.871,106.769,83.0687
1920,113.323,123.111,112.172,107.502,83.0687
1930,114.417,123.629,113.008,107.923,83.0687
1940,116.883,125.315,113.947,107.713,83.0687
1950,117.013,126.389,114.699,108.62,83.0687
1960,118.765,129.656,114.804,109.193,83.0687
1970,118.584,127.119,115.705,109.797,83.0687
1980,116.227,124.661,113.641,108.219,83.0687
1990,116.614,125.278,115.664,110.282,83.0687
2000,115.992,121.974,115.469,110.37,83.0687
2010,117.877,124.267,114.766,109.546,83.0687
2020,117.623,127.234,113.875,108.829,83.0687
2030,116.185,124.203,113.18,107.939,83.0687
2040,117.437,124.491,113.298,107.889,83.0687
2050,117.595,126.883,116.07,109.46,83.0687
2060,118.026,125.63,116.531,109.462,83.0687
2070,117.567,128.956,115.814,109.157,83.0687
2080,119.222,129.425,117.162,110.228,83.0687
2090,114.667,122.858,114.984,108.751,83.0687
2100,116.645,125.347,114.73,107.951,83.0687
2110,117.097,126.243,116.572,108.793,83.0687
2120,115.341,121.806,116.068,108.882,83.0687
2130,114.163,120.78,115.195,108.709,83.0687
2140,115.03,121.559,114.493,108.555,83.0687
2150,115.086,121.805,115.801,109.124,83.0687
2160,115.164,122.915,115.932,109.322,83.0687
2170,115.796,121.505,114.824,108.455,83.0687
2180,115.118,121.305,114.376,108.992,83.0687
2190,118.372,123.711,115.116,109.422,83.0687
2200,111.826,117.947,113.253,107.968,83.0687
2210,113.787,117.559,113.767,108.581,83.0687
2220,114.727,119.704,112.825,107.973,83.0687
2230,114.701,121.032,113.017,108.271,83.0687
2240,115.591,123.445,111.915,107.328,83.0687
2250,116.751,125.954,113.38,107.738,83.0687
2260,116.066,126.845,114.09,108.235,83.0687
2270,116.645,123.547,113.282,107.518,83.0687
2280,115.783,120.912,111.905,107.488,83.0687
2290,116.667,123.102,112.54,107.762,83.0687
2300,116.325,121.548,111.81,107.24,83.0687
2310,118.037,126.685,113.088,107.916,83.0687
2320,117.582,125.393,113.704,108.288,83.0687
2330,116.654,124.552,115.129,108.572,83.0687
2340,115.404,124.484,113.445,108.378,83.0687
2350,120.298,129.612,115.345,109.416,83.0687
2360,116.352,127.486,115.023,108.991,83.0687
2370,115.656,125.675,113.577,108.035,83.0687
2380,113.996,120.632,112.35,107.55,83.0687
2390,115.203,121.243,113.375,107.863,83.0687
2400,113.725,117.129,115.298,108.867,83.0687
2410,112.412,117.69,112.572,108.12,83.0687
2420,111.129,118.973,112.318,107.625,83.0687
2430,108.151,114.31,112.537,107.555,83.0687
2440,109.909,118.455,110.447,105.954,83.0687
2450,112.097,119.248,112.197,107.155,83.0687
2460,115.836,123.91,116.446,109.707,83.0687
2470,114.894,122.579,116.075,109.906,83.0687
2480,112.43,118.544,114.593,109.138,83.0687
2490,114.221,119.406,115.061,109.637,83.0687
2500,114.21,123.075,113.261,107.828,83.0687
2510,118.148,129.142,113.593,107.517,83.0687
2520,117.85,128.333,114.265,108.008,83.0687
2530,116.39,127.953,113.357,108.066,83.0687
2540,114.979,126.977,112.814,107.68,83.0687
2550,116.055,126.553,115.176,109.474,83.0687
2560,116.204,124.715,113.726,108.521,83.0687
2570,116.682,123.707,114.373,109.28,83.0687
2580,116.173,123.494,114.176,109.16,83.0687
2590,119.796,132.279,114.827,109.605,83.0687
2600,115.416,122.49,112.73,107.955,83.0687
2610,117.242,127.722,114.344,108.449,83.0687
2620,115.431,125.414,113.997,108.72,83.0687
2630,116.512,125.652,113.987,109.127,83.0687
2640,117.37,123.915,112.728,108.481,83.0687
2650,116.783,124.425,113.774,108.143,83.0687
2660,116.945,125.242,114.204,108.389,83.0687
2670,118.728,127.877,115.159,109.348,83.0687
2680,116.359,122.921,113.427,108.696,83.0687
2690,114.575,123.156,115.635,109.749,83.0687
2700,114.974,120.351,113.525,109.236,83.0687
2710,112.466,116.744,114.491,109.971,83.0687
2720,114.076,121.459,114.66,109.865,83.0687
2730,113.699,118.876,113.039,108.023,83.0687
2740,114.081,121.047,111.319,106.324,83.0687
2750,117.046,125.35,113.494,107.647,83.0687
2760,117.378,125.842,113.6,107.551,83.0687
2770,115.246,121.467,114.315,108.035,83.0687
2780,115.805,124.705,113.804,107.988,83.0687
2790,117.762,128.883,112.285,107.755,83.0687
2800,113.737,120.29,113.179,107.726,83.0687
2810,113.535,121.408,113.867,108.061,83.0687
2820,112.365,119.757,111.964,107.383,83.0687
2830,112.278,120.153,112.758,107.543,83.0687
2840,114.792,125.31,113.563,108.07,83.0687
2850,113.705,123.021,113.473,108.059,83.0687
2860,111.888,119.332,113.041,107.524,83.0687
2870,114.551,122.252,115.205,108.782,83.0687
2880,114.407,120.976,114.403,108.849,83.0687
2890,116.221,122.749,116.799,110.314,83.0687
2900,116.895,126.62,116.377,109.519,83.0687
2910,113.62,121.347,114.306,108.659,83.0687
2920,114.137,121.813,114.882,108.837,83.0687
2930,115.971,122.151,116.797,110.052,83.0687
2940,116.969,125.868,115.685,109.22,83.0687
2950,115.519,124.98,115.855,109.707,83.0687
2960,112.337,119.454,113.434,107.988,83.0687
2970,115.672,125.916,113.994,108.761,83.0687
2980,114.579,121.853,113.604,108.78,83.0687
2990,114.099,122.725,113.376,108.495,83.0687
3000,114.145,121.424,113.86,108.464,83.0687
3010,115.92,125.654,113.541,108.173,83.0687
3020,113.991,120.857,115.818,109.13,83.0687
3030,116.307,124.28,116.004,110.083,83.0687
3040,117.662,125.23,115.432,109.505,83.0687
3050,117.453,125.693,116.706,109.885,83.0687
3060,118.51,126.05,115.55,109.159,83.0687
3070,120.562,129.612,118.454,110.843,83.0687
3080,119.498,126.49,119.036,112.155,83.0687
3090,121.104,132.556,117.202,110.913,83.0687
3100,117.6,126.915,117.173,110.618,83.0687
3110,116.144,123.411,115.747,109.685,83.0687
3120,116.146,126.262,115.583,109.005,83.0687
3130,114.282,122.062,114.042,108.402,83.0687
3140,116.759,127.966,116.379,110.046,83.0687
3150,117.815,128.318,117.948,111.532,83.0687
3160,117.176,123.41,114.304,109.606,83.0687
3170,117.994,128.007,115.308,109.871,83.0687
3180,115.026,122.265,112.673,107.673,83.0687
3190,113.878,118.925,113.724,108.985,83.0687
3200,114.255,119.352,114.608,109.429,83.0687
3210,113.872,120.338,113.449,108.482,83.0687
3220,115.688,125.157,113.741,108.987,83.0687
3230,113.969,120.609,113.826,109.429,83.0687
3240,113.795,119.294,113.739,108.661,83.0687
3250,113.988,118.361,114.337,108.812,83.0687
3260,114.205,119.148,112.113,108.164,83.0687
3270,116.558,122.165,112.718,107.888,83.0687
3280,114.349,120.601,112.901,107.336,83.0687
3290,118.155,125.95,115.089,108.695,83.0687
3300,119.151,127.796,114.106,108.251,83.0687
3310,117.945,124.254,113.298,107.737,83.0687
3320,114.749,120.092,114.102,107.662,83.0687
3330,115.326,122.262,114.438,108.188,83.0687
3340,114.684,121.175,112.719,107.826,83.0687
3350,117.066,126.652,112.878,107.92,83.0687
3360,116.474,124.643,113.224,107.971,83.0687
3370,115.165,124.862,113.137,107.519,83.0687
3380,114.82,122.501,113.346,107.691,83.0687
3390,116.151,126.115,113.639,108.033,83.0687
3400,118.094,126.687,112.416,107.445,83.0687
3410,116.599,123.237,112.643,107.349,83.0687
3420,117.113,124.629,113.676,107.478,83.0687
3430,115.969,123.15,111.749,106.796,83.0687
3440,116.024,123.001,112.513,106.841,83.0687
3450,114.309,120.412,113.148,107.503,83.0687
3460,117.044,126.364,114.679,109.058,83.0687
3470,114.904,122.736,114.974,108.979,83.0687
3480,114.879,123.476,113.023,107.717,83.0687
3490,119.035,127.709,113.72,108.49,83.0687
3500,120.235,131.12,114.909,108.853,83.0687
3510,117.949,123.299,113.617,109.034,83.0687
3520,116.666,121.17,113.187,107.884,83.0687
3530,116.345,121.452,112.164,107.311,83.0687
3540,115.975,119.475,112.343,107.245,83.0687
3550,116.184,123.133,113.618,107.626,83.0687
3560,114.2,120.94,113.354,107.763,83.0687
3570,113.849,121.055,113.33,107.747,83.0687
3580,114.681,121.466,114.247,108.111,83.0687
3590,114.633,119.85,113.825,109.114,83.0687
3600,115.539,122.957,114.923,109.64,83.0687
3610,115.836,122.834,114.751,109.003,83.0687
3620,114.283,118.888,114.403,109.054,83.0687
3630,114.898,123.948,114.406,108.24,83.0687
3640,114.689,124.211,113.198,108.295,83.0687
3650,115.018,122.349,115.454,110.102,83.0687
3660,116.71,128.845,115.764,110.209,83.0687
3670,115.662,124.351,114.174,109.096,83.0687
3680,116.677,123.488,114.483,109.892,83.0687
3690,116.836,123.584,114.281,108.98,83.0687
3700,117.291,124.016,114.081,108.624,83.0687
3710,117.777,127.747,114.841,108.745,83.0687
3720,116.864,125.477,113.383,107.385,83.0687
3730,118.256,126.04,114.853,108.435,83.0687
3740,114.274,120.342,112.343,107.732,83.0687
3750,113.098,118.954,111.004,106.691,83.0687
3760,115.781,125.699,113.487,107.503,83.0687
3770,115.271,121.843,112,106.582,83.0687
3780,115.228,121.032,110.863,106.978,83.0687
3790,115.001,122.077,111.357,107.037,83.0687
3800,115.276,125.316,112.603,107.545,83.0687
3810,117.217,125.698,113.899,108.337,83.0687
3820,115.986,122.465,112.567,107.783,83.0687
3830,116.599,124.923,113.583,107.89,83.0687
3840,115.826,123.488,113.759,108.323,83.0687
3850,118.521,127.393,114.501,109.307,83.0687
3860,118.788,125.692,114.385,109.149,83.0687
3870,119.217,128.358,114.106,108.767,83.0687
3880,117.9,127.889,113.888,108.319,83.0687
3890,117.152,125.436,114.493,108.508,83.0687
3900,118.472,126.973,115.545,109.7,83.0687
3910,119.057,126.283,113.6,109.053,83.0687
3920,118.782,123.897,114.061,110.161,83.0687
3930,115.684,122.523,114.026,108.696,83.0687
3940,118.425,125.116,113.937,109.092,83.0687
3950,117.14,123.6,113.661,108.613,83.0687
3960,119.37,131.367,114.787,109.043,83.0687
3970,116.768,124.863,113.721,108.703,83.0687
3980,117.736,125.454,113.656,108.515,83.0687
3990,115.943,120.639,113.833,109.07,83.0687
3999,119.563,128.533,115.41,109.526,83.0687
