cell,dataset,regime,beta,tag,nu,group,model,n_seeds,rare_mean,rare_std,overall_mean,overall_std
adult_beta0.00_const,adult,infeasible,0.0,const,0.6000000000000001,Other,fedavot,5,0.06447214,0.0019407619685061855,0.222521,0.0008713903832381862
adult_beta0.00_const,adult,infeasible,0.0,const,0.6000000000000001,Other,fedavg,5,0.0855161,0.002847267164844214,0.2380546,0.0009568512110040992
adult_beta0.00_const,adult,infeasible,0.0,const,0.6000000000000001,Other,full,5,0.0278196,0.0,0.203774,0.0
adult_beta0.00_const,adult,infeasible,0.0,const,0.6000000000000001,Amer-Indian-Eskimo,fedavot,5,0.1722914,0.003326813165778931,0.222521,0.0008713903832381862
adult_beta0.00_const,adult,infeasible,0.0,const,0.6000000000000001,Amer-Indian-Eskimo,fedavg,5,0.1853604,0.003384618359579112,0.2380546,0.0009568512110040992
adult_beta0.00_const,adult,infeasible,0.0,const,0.6000000000000001,Amer-Indian-Eskimo,full,5,0.118316,0.0,0.203774,0.0
adult_beta0.00_decay1000,adult,infeasible,0.0,decay1000,0.6000000000000001,Other,fedavot,5,0.07315914,0.002696665539958563,0.2268958,0.0005323462782813432
adult_beta0.00_decay1000,adult,infeasible,0.0,decay1000,0.6000000000000001,Other,fedavg,5,0.1193594,0.0045833081764158085,0.2478676,0.0009044699221090744
adult_beta0.00_decay1000,adult,infeasible,0.0,decay1000,0.6000000000000001,Other,fedavg_mk,5,0.5803974000000001,0.014952491399094664,0.6701474,0.031106685163160668
adult_beta0.00_decay1000,adult,infeasible,0.0,decay1000,0.6000000000000001,Other,full,5,0.0309206,0.0,0.207304,0.0
adult_beta0.00_decay1000,adult,infeasible,0.0,decay1000,0.6000000000000001,Amer-Indian-Eskimo,fedavot,5,0.1751832,0.0027510697846474265,0.2268958,0.0005323462782813432
adult_beta0.00_decay1000,adult,infeasible,0.0,decay1000,0.6000000000000001,Amer-Indian-Eskimo,fedavg,5,0.1887526,0.0019458923505682394,0.2478676,0.0009044699221090744
adult_beta0.00_decay1000,adult,infeasible,0.0,decay1000,0.6000000000000001,Amer-Indian-Eskimo,fedavg_mk,5,0.6762248,0.038395518006142326,0.6701474,0.031106685163160668
adult_beta0.00_decay1000,adult,infeasible,0.0,decay1000,0.6000000000000001,Amer-Indian-Eskimo,full,5,0.122714,0.0,0.207304,0.0
adult_beta0.25_const,adult,infeasible,0.25,const,0.6000000000000001,Other,fedavot,5,0.04903784,0.0023082892440939896,0.2121212,0.0005223000670112961
adult_beta0.25_const,adult,infeasible,0.25,const,0.6000000000000001,Other,fedavg,5,0.06516132,0.00209343139500677,0.2276884,0.0005538601267468221
adult_beta0.25_const,adult,infeasible,0.25,const,0.6000000000000001,Other,full,5,0.0278196,0.0,0.203774,0.0
adult_beta0.25_const,adult,infeasible,0.25,const,0.6000000000000001,Amer-Indian-Eskimo,fedavot,5,0.15349859999999999,0.004113792780391356,0.2121212,0.0005223000670112961
adult_beta0.25_const,adult,infeasible,0.25,const,0.6000000000000001,Amer-Indian-Eskimo,fedavg,5,0.1764352,0.002467964943024922,0.2276884,0.0005538601267468221
adult_beta0.25_const,adult,infeasible,0.25,const,0.6000000000000001,Amer-Indian-Eskimo,full,5,0.118316,0.0,0.203774,0.0
adult_beta0.25_decay1000,adult,infeasible,0.25,decay1000,0.6000000000000001,Other,fedavot,5,0.0524596,0.001749996437710659,0.2148756,0.0003612703143077223
adult_beta0.25_decay1000,adult,infeasible,0.25,decay1000,0.6000000000000001,Other,fedavg,5,0.0781762,0.0016629259959481076,0.2329956,0.0004582159316304927
adult_beta0.25_decay1000,adult,infeasible,0.25,decay1000,0.6000000000000001,Other,full,5,0.0309206,0.0,0.207304,0.0
adult_beta0.25_decay1000,adult,infeasible,0.25,decay1000,0.6000000000000001,Amer-Indian-Eskimo,fedavot,5,0.1561518,0.002498467882523205,0.2148756,0.0003612703143077223
adult_beta0.25_decay1000,adult,infeasible,0.25,decay1000,0.6000000000000001,Amer-Indian-Eskimo,fedavg,5,0.178357,0.0015509515788702107,0.2329956,0.0004582159316304927
adult_beta0.25_decay1000,adult,infeasible,0.25,decay1000,0.6000000000000001,Amer-Indian-Eskimo,full,5,0.122714,0.0,0.207304,0.0
adult_beta0.50_const,adult,infeasible,0.5,const,0.4,Other,fedavot,5,0.0328245,0.002069006927006288,0.205574,0.0002024816041026914
adult_beta0.50_const,adult,infeasible,0.5,const,0.4,Other,fedavg,5,0.0523642,0.002885239056300189,0.2179574,0.000943883170736719
adult_beta0.50_const,adult,infeasible,0.5,const,0.4,Other,full,5,0.0278196,0.0,0.203774,0.0
adult_beta0.50_const,adult,infeasible,0.5,const,0.4,Amer-Indian-Eskimo,fedavot,5,0.128473,0.003505409476794401,0.205574,0.0002024816041026914
adult_beta0.50_const,adult,infeasible,0.5,const,0.4,Amer-Indian-Eskimo,fedavg,5,0.1642354,0.00325905499186497,0.2179574,0.000943883170736719
adult_beta0.50_const,adult,infeasible,0.5,const,0.4,Amer-Indian-Eskimo,full,5,0.118316,0.0,0.203774,0.0
adult_beta0.50_decay1000,adult,infeasible,0.5,decay1000,0.4,Other,fedavot,5,0.03525206,0.0014798625944323347,0.20777800000000002,0.00012759467073510713
adult_beta0.50_decay1000,adult,infeasible,0.5,decay1000,0.4,Other,fedavg,5,0.0576638,0.0021696641841538514,0.221205,0.0008441357710700346
adult_beta0.50_decay1000,adult,infeasible,0.5,decay1000,0.4,Other,full,5,0.0309206,0.0,0.207304,0.0
adult_beta0.50_decay1000,adult,infeasible,0.5,decay1000,0.4,Amer-Indian-Eskimo,fedavot,5,0.1319092,0.0022843388890442674,0.20777800000000002,0.00012759467073510713
adult_beta0.50_decay1000,adult,infeasible,0.5,decay1000,0.4,Amer-Indian-Eskimo,fedavg,5,0.16524919999999998,0.0030829804670156453,0.221205,0.0008441357710700346
adult_beta0.50_decay1000,adult,infeasible,0.5,decay1000,0.4,Amer-Indian-Eskimo,full,5,0.122714,0.0,0.207304,0.0
adult_beta0.75_const,adult,infeasible,0.75,const,0.0,Other,fedavot,5,0.02779866,0.001348366577159194,0.2047582,0.00017794650881655332
adult_beta0.75_const,adult,infeasible,0.75,const,0.0,Other,fedavg,5,0.04149422,0.001388806997966239,0.2098728,0.0003609822156284216
adult_beta0.75_const,adult,infeasible,0.75,const,0.0,Other,full,5,0.0278196,0.0,0.203774,0.0
adult_beta0.75_const,adult,infeasible,0.75,const,0.0,Amer-Indian-Eskimo,fedavot,5,0.1198528,0.0022947413274702656,0.2047582,0.00017794650881655332
adult_beta0.75_const,adult,infeasible,0.75,const,0.0,Amer-Indian-Eskimo,fedavg,5,0.1465956,0.0019840650795777863,0.2098728,0.0003609822156284216
adult_beta0.75_const,adult,infeasible,0.75,const,0.0,Amer-Indian-Eskimo,full,5,0.118316,0.0,0.203774,0.0
adult_beta0.75_decay1000,adult,infeasible,0.75,decay1000,0.0,Other,fedavot,5,0.03091228,0.0009831309117304778,0.2075576,5.88238047052407e-05
adult_beta0.75_decay1000,adult,infeasible,0.75,decay1000,0.0,Other,fedavg,5,0.04443926,0.0013257526822148986,0.212563,0.00030664572392258044
adult_beta0.75_decay1000,adult,infeasible,0.75,decay1000,0.0,Other,full,5,0.0309206,0.0,0.207304,0.0
adult_beta0.75_decay1000,adult,infeasible,0.75,decay1000,0.0,Amer-Indian-Eskimo,fedavot,5,0.1230928,0.0018756194070226504,0.2075576,5.88238047052407e-05
adult_beta0.75_decay1000,adult,infeasible,0.75,decay1000,0.0,Amer-Indian-Eskimo,fedavg,5,0.1480978,0.0017170330689884798,0.212563,0.00030664572392258044
adult_beta0.75_decay1000,adult,infeasible,0.75,decay1000,0.0,Amer-Indian-Eskimo,full,5,0.122714,0.0,0.207304,0.0
adult_beta1.00_const,adult,infeasible,1.0,const,0.0,Other,fedavot,5,0.028717780000000002,0.0002753251779260295,0.2045332,6.545043926513638e-05
adult_beta1.00_const,adult,infeasible,1.0,const,0.0,Other,fedavg,5,0.03224516,0.0002869922967607312,0.204754,4.403634862247441e-05
adult_beta1.00_const,adult,infeasible,1.0,const,0.0,Other,full,5,0.0278196,0.0,0.203774,0.0
adult_beta1.00_const,adult,infeasible,1.0,const,0.0,Amer-Indian-Eskimo,fedavot,5,0.11949560000000001,0.0022638079953918333,0.2045332,6.545043926513638e-05
adult_beta1.00_const,adult,infeasible,1.0,const,0.0,Amer-Indian-Eskimo,fedavg,5,0.1273978,0.0024543821544331652,0.204754,4.403634862247441e-05
adult_beta1.00_const,adult,infeasible,1.0,const,0.0,Amer-Indian-Eskimo,full,5,0.118316,0.0,0.203774,0.0
adult_beta1.00_decay1000,adult,infeasible,1.0,decay1000,0.0,Other,fedavot,5,0.0317922,0.0005133994039731636,0.20748,5.128352561983135e-05
adult_beta1.00_decay1000,adult,infeasible,1.0,decay1000,0.0,Other,fedavg,5,0.03516812,0.0005611781941593961,0.207673,3.316021712835915e-05
adult_beta1.00_decay1000,adult,infeasible,1.0,decay1000,0.0,Other,fedavg_mk,5,999997000000.0,0.0,1000000000000.0,0.0
adult_beta1.00_decay1000,adult,infeasible,1.0,decay1000,0.0,Other,full,5,0.0309206,0.0,0.207304,0.0
adult_beta1.00_decay1000,adult,infeasible,1.0,decay1000,0.0,Amer-Indian-Eskimo,fedavot,5,0.122892,0.0010482610361927974,0.20748,5.128352561983135e-05
adult_beta1.00_decay1000,adult,infeasible,1.0,decay1000,0.0,Amer-Indian-Eskimo,fedavg,5,0.1302152,0.0011813054473759055,0.207673,3.316021712835915e-05
adult_beta1.00_decay1000,adult,infeasible,1.0,decay1000,0.0,Amer-Indian-Eskimo,fedavg_mk,5,999997000000.0,0.0,1000000000000.0,0.0
adult_beta1.00_decay1000,adult,infeasible,1.0,decay1000,0.0,Amer-Indian-Eskimo,full,5,0.122714,0.0,0.207304,0.0
imdb_beta0.00_const,imdbwiki,infeasible,0.0,const,0.31290673463385943,tier1,fedavot,5,86.85276,1.1580174413194289,95.62948,0.4416084754621459
imdb_beta0.00_const,imdbwiki,infeasible,0.0,const,0.31290673463385943,tier1,fedavg,5,89.77665999999999,1.1729958305126251,94.75928,0.6524560043405228
imdb_beta0.00_const,imdbwiki,infeasible,0.0,const,0.31290673463385943,tier1,full,5,72.4865,0.0,83.0686,0.0
imdb_beta0.00_decay1000,imdbwiki,infeasible,0.0,decay1000,0.31290673463385943,tier1,fedavot,5,76.99482,0.7328334282768503,86.06122,0.21076378626319708
imdb_beta0.00_decay1000,imdbwiki,infeasible,0.0,decay1000,0.31290673463385943,tier1,fedavg,5,86.41756,1.0031902942114217,91.62952,0.5648239137996874
imdb_beta0.00_decay1000,imdbwiki,infeasible,0.0,decay1000,0.31290673463385943,tier1,fedavg_mk,5,8662.0974,17044.524837618108,8503.5216,16710.360802688487
imdb_beta0.00_decay1000,imdbwiki,infeasible,0.0,decay1000,0.31290673463385943,tier1,full,5,72.2286,0.0,82.9485,0.0
imdb_beta0.50_const,imdbwiki,infeasible,0.5,const,0.5883697676698363,tier1,fedavot,5,99.6655,1.309258771977486,102.4842,0.6642241790239165
imdb_beta0.50_const,imdbwiki,infeasible,0.5,const,0.5883697676698363,tier1,fedavg,5,96.0565,0.4226428231970823,99.37964,0.40210037851262986
imdb_beta0.50_const,imdbwiki,infeasible,0.5,const,0.5883697676698363,tier1,full,5,72.4865,0.0,83.0686,0.0
imdb_beta0.50_decay1000,imdbwiki,infeasible,0.5,decay1000,0.5883697676698363,tier1,fedavot,5,90.31978,0.9668322117099754,93.23362,0.6220175766005337
imdb_beta0.50_decay1000,imdbwiki,infeasible,0.5,decay1000,0.5883697676698363,tier1,fedavg,5,93.15254,0.3528545003255578,96.6894,0.27988166070680637
imdb_beta0.50_decay1000,imdbwiki,infeasible,0.5,decay1000,0.5883697676698363,tier1,full,5,72.2286,0.0,82.9485,0.0
imdb_beta1.00_const,imdbwiki,infeasible,1.0,const,0.6980443093814331,tier1,fedavot,5,104.5994,1.1361944551880212,105.9808,0.809378872963709
imdb_beta1.00_const,imdbwiki,infeasible,1.0,const,0.6980443093814331,tier1,fedavg,5,99.46588,0.43291293073781256,102.5846,0.6029336945303367
imdb_beta1.00_const,imdbwiki,infeasible,1.0,const,0.6980443093814331,tier1,full,5,72.4865,0.0,83.0686,0.0
imdb_beta1.00_decay1000,imdbwiki,infeasible,1.0,decay1000,0.6980443093814331,tier1,fedavot,5,96.50984,0.9811343977254081,97.88268000000001,0.6999385898777116
imdb_beta1.00_decay1000,imdbwiki,infeasible,1.0,decay1000,0.6980443093814331,tier1,fedavg,5,96.65068,0.3778270683791741,99.93326,0.47325826184019415
imdb_beta1.00_decay1000,imdbwiki,infeasible,1.0,decay1000,0.6980443093814331,tier1,full,5,72.2286,0.0,82.9485,0.0
imdb_beta1.50_const,imdbwiki,infeasible,1.5,const,0.7713077149299089,tier1,fedavot,5,108.774,1.3516666748869701,109.5874,1.163963160929075
imdb_beta1.50_const,imdbwiki,infeasible,1.5,const,0.7713077149299089,tier1,fedavg,5,101.0606,0.6564603872283538,104.3274,0.33936741151737143
imdb_beta1.50_const,imdbwiki,infeasible,1.5,const,0.7713077149299089,tier1,full,5,72.4865,0.0,83.0686,0.0
imdb_beta1.50_decay1000,imdbwiki,infeasible,1.5,decay1000,0.7713077149299089,tier1,fedavot,5,100.32838,1.2821372694060502,101.23828,1.130961039824094
imdb_beta1.50_decay1000,imdbwiki,infeasible,1.5,decay1000,0.7713077149299089,tier1,fedavg,5,98.38965999999999,0.5968561957456772,101.8136,0.3452023174893202
imdb_beta1.50_decay1000,imdbwiki,infeasible,1.5,decay1000,0.7713077149299089,tier1,full,5,72.2286,0.0,82.9485,0.0
imdb_beta2.00_const,imdbwiki,infeasible,2.0,const,0.8195853347711008,tier1,fedavot,5,109.819,0.7019737886844482,111.64020000000001,1.1552636755303964
imdb_beta2.00_const,imdbwiki,infeasible,2.0,const,0.8195853347711008,tier1,fedavg,5,102.35,0.5704419339424477,106.1238,0.4176153253892843
imdb_beta2.00_const,imdbwiki,infeasible,2.0,const,0.8195853347711008,tier1,full,5,72.4865,0.0,83.0686,0.0
imdb_beta2.00_decay1000,imdbwiki,infeasible,2.0,decay1000,0.8195853347711008,tier1,fedavot,5,101.72500000000001,0.5234520035304067,103.7648,0.9009262788930104
imdb_beta2.00_decay1000,imdbwiki,infeasible,2.0,decay1000,0.8195853347711008,tier1,fedavg,5,99.8199,0.5756684948822537,103.7374,0.3824701818442859
imdb_beta2.00_decay1000,imdbwiki,infeasible,2.0,decay1000,0.8195853347711008,tier1,full,5,72.2286,0.0,82.9485,0.0
imdb_beta3.00_const,imdbwiki,infeasible,3.0,const,0.8771532202725223,tier1,fedavot,5,113.5236,0.7278457528899916,116.40480000000001,0.532946301234938
imdb_beta3.00_const,imdbwiki,infeasible,3.0,const,0.8771532202725223,tier1,fedavg,5,103.7784,0.868843967579912,108.4674,0.6747018897261239
imdb_beta3.00_const,imdbwiki,infeasible,3.0,const,0.8771532202725223,tier1,full,5,72.4865,0.0,83.0686,0.0
imdb_beta3.00_decay1000,imdbwiki,infeasible,3.0,decay1000,0.8771532202725223,tier1,fedavot,5,105.4824,0.6536627876818476,108.3978,0.35801083782477783
imdb_beta3.00_decay1000,imdbwiki,infeasible,3.0,decay1000,0.8771532202725223,tier1,fedavg,5,101.2602,0.7058825398038928,106.117,0.5386015224634986
imdb_beta3.00_decay1000,imdbwiki,infeasible,3.0,decay1000,0.8771532202725223,tier1,full,5,72.2286,0.0,82.9485,0.0
imdb_feasible_decay1000,imdbwiki,feasible,,decay1000,0.0,tier1,fedavot,5,73.6308,0.6719770085352662,84.27846,0.1476882879581149
imdb_feasible_decay1000,imdbwiki,feasible,,decay1000,0.0,tier1,fedavg,5,79.89064,0.6551597044995965,86.37158,0.3358030815820472
imdb_feasible_decay1000,imdbwiki,feasible,,decay1000,0.0,tier1,fedavg_mk,5,999997000000.0,0.0,1000000000000.0,0.0
imdb_feasible_decay1000,imdbwiki,feasible,,decay1000,0.0,tier1,full,5,72.2286,0.0,82.9485,0.0
